<configs>
	<!-- empty, storage containers the player crafts -->
	<set xpath="/lootcontainers/lootcontainer[@id='1']/@size">13,11</set>
	
    <!-- Player dropped backpack -->
	<set xpath="/lootcontainers/lootcontainer[@id='2']/@size">11,13</set>
	
    <!-- Dropped loot container -->
	<set xpath="/lootcontainers/lootcontainer[@id='4']/@size">11,13</set>
	
	<!-- paintable cube storage containers the player crafts -->
	<set xpath="/lootcontainers/lootcontainer[@id='5']/@size">13,11</set>
	
	<!-- wallSafe / deskSafe -->
	<set xpath="/lootcontainers/lootcontainer[@id='6']/@size">13,11</set>
	
	<!-- gun safe -->
	<set xpath="/lootcontainers/lootcontainer[@id='7']/@size">13,11</set>
	
	<!-- kitchen sink, cupboards (lower), cleaning chemicals, plates, silverware, pots and pans -->
	<set xpath="/lootcontainers/lootcontainer[@id='8']/@size">13,11</set>
	
	<!-- backpack, place where people stash things, -->
	<set xpath="/lootcontainers/lootcontainer[@id='9']/@size">13,11</set>
	
	<!-- Increased vehicle storage size -->
	<!-- Bicycle -->
	<set xpath="/lootcontainers/lootcontainer[@id='76']/@size">6,5</set>
	<!-- Minibike -->
	<set xpath="/lootcontainers/lootcontainer[@id='77']/@size">6,7</set>
	<!-- Motorcycle -->
	<set xpath="/lootcontainers/lootcontainer[@id='78']/@size">11,13</set>
	<!-- 4x4Truck -->
	<set xpath="/lootcontainers/lootcontainer[@id='79']/@size">11,13</set>
	<!-- Gyrocopter -->
	<set xpath="/lootcontainers/lootcontainer[@id='80']/@size">11,13</set>

</configs>
